姓;男名;女名
surname;boyName;girlName
赵;安邦;梦琪
钱;安福;之桃
孙;安歌;慕青
李;安国;尔岚
周;安和;初夏
吴;安康;沛菡
郑;安澜;傲珊
王;安民;曼文
冯;安宁;乐菱
陈;安平;惜文
褚;安然;香寒
卫;安顺;新柔
蒋;安翔;语蓉
沈;安晏;海安
韩;安宜;夜蓉
杨;安怡;涵柏
朱;安易;水桃
秦;安志;醉蓝
尤;昂然;语琴
许;昂雄;从彤
何;宾白;傲晴
吕;宾鸿;语兰
施;宾实;又菱
张;彬彬;碧彤
孔;彬炳;元霜
曹;彬郁;怜梦
严;斌斌;紫寒
华;斌蔚;妙彤
金;滨海;曼易
魏;波光;南莲
陶;波鸿;紫翠
姜;波峻;雨寒
戚;波涛;易烟
谢;博瀚;如萱
邹;博超;若南
喻;博达;寻真
柏;博厚;晓亦
水;博简;向珊
窦;博明;慕灵
章;博容;以蕊
云;博赡;映易
苏;博涉;雪柳
潘;博实;海云
葛;博涛;凝天
奚;博文;沛珊
范;博学;寒云
彭;博雅;冰旋
郎;博延;宛儿
鲁;博艺;绿真
韦;博易;晓霜
昌;博裕;碧凡
马;博远;夏菡
苗;才捷;曼香
凤;才良;若烟
花;才艺;半梦
方;才英;雅绿
俞;才哲;冰蓝
任;才俊;灵槐
袁;成和;平安
柳;成弘;书翠
酆;成化;翠风
鲍;成济;代云
史;成礼;梦曼
唐;成龙;幼翠
费;成仁;听寒
廉;成双;梦柏
岑;成天;醉易
薛;成文;访旋
雷;成业;亦玉
贺;成益;凌萱
倪;成荫;访卉
汤;成周;怀亦
滕;承安;笑蓝
殷;承弼;靖柏
罗;承德;夜蕾
毕;承恩;冰夏
郝;承福;梦松
邬;承基;书雪
安;承教;乐枫
常;承平;念薇
乐;承嗣;靖雁
于;承天;从寒
时;承望;觅波
傅;承宣;静曼
皮;承颜;凡旋
卞;承业;以亦
齐;承悦;念露
康;承允;芷蕾
伍;承运;千兰
余;承载;新波
元;承泽;代真
卜;承志;新蕾
顾;德本;雁玉
孟;德海;冷卉
平;德厚;紫山
黄;德华;千琴
和;德辉;傲芙
穆;德惠;盼山
萧;德容;怀蝶
尹;德润;冰兰
姚;德寿;山柏
邵;德水;翠萱
湛;德馨;问旋
汪;德曜;白易
祁;德业;问筠
毛;德义;如霜
禹;德庸;半芹
狄;德佑;丹珍
米;德宇;冰彤
贝;德元;亦寒
明;德运;之瑶
臧;德泽;冰露
计;德明;尔珍
伏;飞昂;谷雪
成;飞白;乐萱
戴;飞飙;涵菡
谈;飞掣;海莲
宋;飞尘;傲蕾
茅;飞沉;青槐
庞;飞驰;易梦
熊;飞光;惜雪
纪;飞翰;宛海
舒;飞航;之柔
屈;飞翮;夏青
项;飞鸿;亦瑶
祝;飞虎;妙菡
董;飞捷;紫蓝
梁;飞龙;幻柏
杜;飞鸾;元风
阮;飞鸣;冰枫
蓝;飞鹏;访蕊
闵;飞扬;芷蕊
席;飞文;凡蕾
季;飞翔;凡柔
麻;飞星;安蕾
强;飞翼;天荷
贾;飞英;含玉
路;飞宇;书兰
娄;飞羽;雅琴
危;飞雨;书瑶
江;飞语;从安
童;飞跃;夏槐
颜;飞章;念芹
郭;飞舟;代曼
梅;风华;幻珊
盛;丰茂;谷丝
林;丰羽;秋翠
刁;刚豪;白晴
钟;刚洁;海露
徐;刚捷;代荷
邱;刚毅;含玉
骆;高昂;书蕾
高;高岑;听白
夏;高畅;灵雁
蔡;高超;雪青
田;高驰;乐瑶
樊;高达;含烟
胡;高澹;涵双
凌;高飞;平蝶
霍;高芬;雅蕊
虞;高_;傲之
万;高峰;灵薇
支;高歌;含蕾
柯;高格;从梦
昝;高寒;从蓉
管;高翰;初丹
卢;高杰;听兰
莫;高洁;听蓉
柯;高峻;语芙
房;高朗;夏彤
裘;高丽;凌瑶
缪;高邈;忆翠
干;高_;幻灵
解;高明;怜菡
应;高爽;紫南
宗;高兴;依珊
丁;高轩;妙竹
宣;高雅;访烟
贲;高扬;怜蕾
邓;高阳;映寒
郁;高义;友绿
单;高谊;冰萍
杭;高逸;惜霜
洪;高懿;凌香
包;高原;芷蕾
诸;高远;雁卉
左;高韵;迎梦
石;高卓;元柏
崔;光赫;代萱
吉;光华;紫真
钮;光辉;千青
龚;光济;凌寒
程;光霁;紫安
嵇;光亮;寒安
邢;光临;怀蕊
滑;光明;秋荷
裴;光启;涵雁
陆;光熙;以山
荣;光耀;凡梅
翁;光誉;盼曼
荀;光远;翠彤
羊;国安;谷冬
于;国兴;冷安
惠;国源;千萍
甄;冠宇;冰烟
曲;冠玉;雅阳
家;晗昱;友绿
封;晗日;南松
芮;涵畅;诗云
羿;涵涤;飞风
储;涵亮;寄灵
靳;涵忍;书芹
汲;涵容;幼蓉
邴;涵润;以蓝
糜;涵涵;笑寒
松;涵煦;忆寒
井;涵蓄;秋烟
段;涵衍;芷巧
富;涵意;水香
巫;涵映;映之
乌;涵育;醉波
焦;翰采;幻莲
巴;翰池;夜山
弓;翰飞;芷卉
牧;翰海;向彤
隗;翰翮;小玉
山;翰林;幼南
谷;翰墨;凡梦
车;翰学;尔曼
侯;翰音;念波
宓;瀚_;迎松
蓬;翰藻;青寒
全;瀚海;笑天
郗;瀚漠;涵蕾
班;昊苍;碧菡
仰;昊昊;映秋
秋;昊空;盼烟
仲;昊乾;忆山
伊;昊穹;以寒
宫;昊然;寒香
宁;昊然;小凡
仇;昊天;代亦
栾;昊焱;梦露
暴;昊英;映波
甘;浩波;友蕊
钭;浩博;寄凡
历;浩初;怜蕾
戎;浩大;雁枫
祖;浩宕;水绿
武;浩荡;曼荷
符;浩歌;笑珊
刘;浩广;寒珊
景;浩_;谷南
詹;浩瀚;慕儿
束;浩浩;夏岚
龙;浩慨;友儿
叶;浩旷;小萱
幸;浩阔;紫青
司;浩漫;妙菱
韶;浩淼;冬寒
郜;浩渺;曼柔
黎;浩邈;语蝶
蓟;浩气;青筠
溥;浩然;夜安
印;浩穰;觅海
宿;浩壤;问安
白;浩思;晓槐
怀;浩言;雅山
蒲;皓轩;访云
邰;和蔼;翠容
从;和安;寒凡
鄂;和璧;晓绿
索;和昶;以菱
咸;和畅;冬云
籍;和风;含玉
赖;和歌;访枫
卓;和光;含卉
蔺;和平;夜白
屠;和洽;冷安
蒙;和惬;灵竹
池;和顺;醉薇
乔;和硕;元珊
阳;和颂;幻波
郁;和泰;盼夏
胥;和悌;元瑶
能;和通;迎曼
苍;和同;水云
双;和煦;访琴
闻;和雅;谷波
莘;和宜;笑白
党;和怡;妙海
翟;和玉;紫霜
谭;和裕;凌旋
贡;和豫;孤丝
劳;和悦;怜寒
逄;和韵;凡松
姬;和泽;青丝
申;和正;翠安
扶;和志;如天
堵;鹤轩;凌雪
冉;弘博;绮菱
宰;弘大;代云
郦;弘方;香薇
雍;弘光;冬灵
却;弘和;凌珍
璩;弘厚;沛文
桑;弘化;紫槐
桂;弘济;幻柏
濮;弘阔;采文
牛;弘亮;雪旋
寿;弘量;盼海
通;弘深;映梦
边;弘盛;安雁
扈;弘图;映容
燕;弘伟;凝阳
冀;弘文;访风
浦;弘新;天亦
尚;弘雅;觅风
农;弘扬;小霜
温;弘业;雪萍
别;弘义;半雪
庄;弘益;山柳
晏;弘毅;谷雪
柴;弘懿;靖易
瞿;弘致;白薇
阎;弘壮;梦菡
充;宏伯;飞绿
慕;宏博;如波
连;宏才;又晴
茹;宏畅;友易
习;宏达;香菱
宦;宏大;冬亦
艾;宏放;问雁
鱼;宏富;海冬
容;宏峻;秋灵
向;宏浚;凝芙
古;宏恺;念烟
易;宏旷;白山
慎;宏阔;从灵
戈;宏朗;尔芙
廖;宏茂;迎蓉
庾;宏邈;念寒
终;宏儒;翠绿
暨;宏深;翠芙
居;宏胜;靖儿
衡;宏盛;妙柏
步;宏爽;千凝
都;宏硕;小珍
耿;宏伟;妙旋
满;宏扬;雪枫
弘;宏义;夏菡
匡;宏逸;绮琴
国;宏毅;雨双
文;宏远;听枫
寇;宏壮;觅荷
广;鸿宝;凡之
禄;鸿波;晓凡
阙;鸿博;雅彤
东;鸿才;孤风
欧;鸿彩;从安
殳;鸿畅;绮彤
沃;鸿畴;之玉
利;鸿达;雨珍
蔚;鸿德;幻丝
越;鸿飞;代梅
夔;鸿风;青亦
隆;鸿福;元菱
师;鸿光;海瑶
巩;鸿晖;飞槐
厍;鸿朗;听露
聂;鸿文;梦岚
晁;鸿熙;幻竹
勾;鸿羲;谷云
敖;鸿禧;忆霜
融;鸿信;水瑶
冷;鸿轩;慕晴
訾;鸿煊;秋双
辛;鸿煊;雨真
阚;鸿雪;觅珍
那;鸿羽;丹雪
简;鸿远;元枫
饶;鸿云;思天
空;鸿运;如松
曾;鸿哲;妙晴
毋;鸿祯;谷秋
沙;鸿振;妙松
乜;鸿志;晓夏
养;鸿卓;宛筠
鞠;华奥;碧琴
须;华采;盼兰
丰;华彩;小夏
巢;华灿;安容
关;华藏;青曼
蒯;华池;千儿
相;华翰;寻双
查;华皓;涵瑶
后;华晖;冷梅
荆;华辉;秋柔
红;华茂;思菱
游;华美;醉波
竺;华清;醉柳
权;华荣;以寒
逮;华容;迎夏
盍;嘉赐;向雪
益;嘉德;以丹
桓;嘉福;依凝
公;嘉良;如柏
万俟;嘉茂;雁菱
司马;嘉木;凝竹
上官;嘉慕;宛白
欧阳;嘉纳;初柔
夏侯;嘉年;南蕾
诸葛;嘉平;书萱
闻人;嘉庆;梦槐
东方;嘉荣;南琴
赫连;嘉容;绿海
皇甫;嘉瑞;沛儿
尉迟;嘉胜;晓瑶
公羊;嘉石;凝蝶
澹台;嘉实;紫雪
公冶;嘉树;念双
宗政;嘉澍;念真
濮阳;嘉熙;曼寒
淳于;嘉禧;凡霜
单于;嘉祥;飞雪
太叔;嘉歆;雪兰
申屠;嘉许;雅霜
公孙;嘉勋;从蓉
仲孙;嘉言;冷雪
轩辕;嘉谊;靖巧
令狐;嘉懿;翠丝
徐离;嘉颖;觅翠
宇文;嘉佑;凡白
长孙;嘉玉;乐蓉
慕容;嘉誉;迎波
司徒;嘉悦;丹烟
司空;嘉运;梦旋
亓官;嘉泽;书双
司寇;嘉珍;念桃
仉督;嘉祯;夜天
子车;嘉志;安筠
颛孙;嘉致;觅柔
端木;坚白;初南
巫马;坚壁;秋蝶
公西;坚秉;千易
漆雕;坚成;安露
乐正;坚诚;诗蕊
壤驷;建安;山雁
公良;建白;友菱
拓拔;建柏;香露
夹谷;建本;晓兰
宰父;建弼;白卉
谷梁;建德;语山
晋楚;建华;冷珍
闫法;建明;秋翠
汝鄢;建茗;夏柳
涂钦;建木;如之
段干;建树;忆南
百里;建同;书易
东郭;建修;翠桃
南门;建业;寄瑶
呼延;建义;如曼
归海;建元;问柳
羊舌;建章;幻桃
微生;建中;又菡
岳帅;健柏;醉蝶
缑亢;金鑫;亦绿
况后;锦程;诗珊
有琴;瑾瑜;听芹
梁丘;晋鹏;新之
左丘;经赋;易巧
东门;经亘;念云
西门;经国;晓灵
商牟;经略;静枫
佘佴;经纶;夏蓉
伯赏;经纬;如南
南宫;经武;幼丝
;经业;秋白
;经义;冰安
;经艺;秋白
;景澄;南风
;景福;醉山
;景焕;初彤
;景辉;凝海
;景辉;紫文
;景龙;凌晴
;景明;雅琴
;景山;傲安
;景胜;傲之
;景铄;初蝶
;景天;代芹
;景同;诗霜
;景曜;碧灵
;靖琪;诗柳
;君昊;夏柳
;君浩;采白
;俊艾;慕梅
;俊拔;乐安
;俊弼;冬菱
;俊才;紫安
;俊材;宛凝
;俊驰;雨雪
;俊楚;易真
;俊达;安荷
;俊德;静竹
;俊发;代柔
;俊风;丹秋
;俊豪;绮梅
;俊健;依白
;俊杰;凝荷
;俊捷;幼珊
;俊郎;忆彤
;俊力;凌青
;俊良;之桃
;俊迈;芷荷
;俊茂;听荷
;俊美;代玉
;俊民;念珍
;俊名;梦菲
;俊明;夜春
;俊楠;千秋
;俊能;白秋
;俊人;谷菱
;俊爽;飞松
;俊悟;初瑶
;俊晤;惜灵
;俊侠;梦易
;俊贤;新瑶
;俊雄;曼梅
;俊雅;碧曼
;俊彦;友瑶
;俊逸;雨兰
;俊英;夜柳
;俊友;芷珍
;俊语;含芙
;俊誉;夜云
;俊远;依萱
;俊哲;凝雁
;俊_;以莲
;俊智;安南
;峻熙;幼晴
;季萌;尔琴
;季同;飞阳
;开畅;白凡
;开诚;沛萍
;开宇;雪瑶
;开济;向卉
;开霁;采文
;开朗;乐珍
;凯安;寒荷
;凯唱;觅双
;凯定;白桃
;凯风;安卉
;凯复;迎曼
;凯歌;盼雁
;凯捷;乐松
;凯凯;涵山
;凯康;问枫
;凯乐;以柳
;凯旋;含海
;凯泽;翠曼
;恺歌;忆梅
;恺乐;涵柳
;康安;海蓝
;康伯;晓曼
;康成;代珊
;康德;忆丹
;康复;静芙
;康健;绮兰
;康乐;梦安
;康宁;紫丝
;康平;千雁
;康胜;凝珍
;康盛;香萱
;康时;梦容
;康适;冷雁
;康顺;飞柏
;康泰;天真
;康裕;翠琴
;乐安;寄真
;乐邦;秋荷
;乐成;代珊
;乐池;初雪
;乐和;雅柏
;乐家;怜容
;乐康;如风
;乐人;南露
;乐容;紫易
;乐山;冰凡
;乐生;海雪
;乐圣;语蓉
;乐水;碧玉
;乐天;语风
;乐童;凝梦
;乐贤;从雪
;乐心;白枫
;乐欣;傲云
;乐逸;白梅
;乐意;念露
;乐音;慕凝
;乐咏;雅柔
;乐游;盼柳
;乐语;半青
;乐悦;从霜
;乐湛;怀柔
;乐章;怜晴
;乐正;夜蓉
;乐志;代双
;黎昕;以南
;黎明;若菱
;力夫;芷文
;力强;南晴
;力勤;梦寒
;力行;初翠
;力学;灵波
;力言;问夏
;立诚;惜海
;立果;亦旋
;立人;沛芹
;立辉;幼萱
;立轩;白凝
;立群;初露
;良奥;迎海
;良弼;绮玉
;良才;凌香
;良材;寻芹
;良策;秋柳
;良畴;尔白
;良工;映真
;良翰;含雁
;良吉;寒松
;良骥;寻雪
;良俊;青烟
;良骏;问蕊
;良朋;灵阳
;良平;雪巧
;良哲;丹萱
;理群;凡双
;理全;孤萍
;茂才;紫菱
;茂材;寻凝
;茂德;傲柏
;茂典;傲儿
;茂实;友容
;茂学;灵枫
;茂勋;尔丝
;茂彦;曼凝
;敏博;若蕊
;敏才;问丝
;敏达;思枫
;敏_;水卉
;敏学;问梅
;敏智;念寒
;明诚;诗双
;明达;翠霜
;明德;夜香
;明辉;寒蕾
;明杰;凡阳
;明俊;冷玉
;明朗;平彤
;明亮;语薇
;明旭;幻珊
;明煦;紫夏
;明轩;凌波
;明远;芷蝶
;明哲;丹南
;明_;之双
;明知;凡波
;明志;思雁
;明智;白莲
;明珠;从菡
;朋兴;如容
;朋义;采柳
;彭勃;沛岚
;彭薄;惜儿
;彭湃;夜玉
;彭彭;水儿
;彭魄;半凡
;彭越;语海
;彭泽;听莲
;彭祖;幻枫
;鹏程;念柏
;鹏池;冰珍
;鹏飞;思山
;鹏赋;凝蕊
;鹏海;天玉
;鹏鲸;思萱
;鹏举;向梦
;鹏_;笑南
;鹏鲲;夏旋
;鹏涛;之槐
;鹏天;元灵
;鹏翼;以彤
;鹏云;采萱
;鹏运;巧曼
;濮存;绿兰
;溥心;平蓝
;璞玉;问萍
;璞瑜;绿蓉
;浦和;靖柏
;浦泽;迎蕾
;奇略;碧曼
;奇迈;思卉
;奇胜;白柏
;奇水;妙菡
;奇思;怜阳
;奇邃;雨柏
;奇伟;雁菡
;奇玮;梦之
;奇文;又莲
;奇希;乐荷
;奇逸;寒天
;奇正;凝琴
;奇志;书南
;奇致;映天
;祺福;白梦
;祺然;初瑶
;祺祥;平露
;祺瑞;含巧
;琪睿;慕蕊
;庆生;半莲
;荣轩;醉卉
;锐达;天菱
;锐锋;青雪
;锐翰;雅旋
;锐进;巧荷
;锐精;飞丹
;锐立;若灵
;锐利;尔云
;锐思;幻天
;锐逸;诗兰
;锐意;青梦
;锐藻;海菡
;锐泽;灵槐
;锐阵;忆秋
;锐志;寒凝
;锐智;凝芙
;睿博;绮山
;睿才;静白
;睿诚;尔蓉
;睿慈;尔冬
;睿聪;映萱
;睿达;白筠
;睿德;冰双
;睿范;访彤
;睿广;绿柏
;睿好;夏云
;睿明;笑翠
;睿识;晓灵
;睿思;含双
;绍辉;盼波
;绍钧;以云
;绍祺;怜翠
;绍元;雁风
;升荣;之卉
;圣杰;平松
;晟睿;问儿
;思聪;绿柳
;思淼;如蓉
;思源;曼容
;思远;天晴
;思博;丹琴
;斯年;惜天
;斯伯;寻琴
;泰初;依瑶
;泰和;涵易
;泰河;忆灵
;泰鸿;从波
;泰华;依柔
;泰宁;问兰
;泰平;山晴
;泰清;怜珊
;泰然;之云
;天材;飞双
;天成;傲白
;天赋;沛春
;天干;雨南
;天罡;梦之
;天工;笑阳
;天翰;代容
;天和;友琴
;天华;雁梅
;天骄;友桃
;天空;从露
;天禄;语柔
;天路;傲玉
;天瑞;觅夏
;天睿;晓蓝
;天逸;新晴
;天佑;雨莲
;天宇;凝旋
;天元;绿旋
;天韵;幻香
;天泽;觅双
;天纵;冷亦
;同方;忆雪
;同甫;友卉
;同光;幻翠
;同和;靖柔
;同化;寻菱
;同济;丹翠
;巍昂;安阳
;巍然;雅寒
;巍奕;惜筠
;伟博;尔安
;伟毅;雁易
;伟才;飞瑶
;伟诚;夏兰
;伟茂;沛蓝
;伟懋;静丹
;伟祺;山芙
;伟彦;笑晴
;伟晔;新烟
;伟泽;笑旋
;伟兆;雁兰
;伟志;凌翠
;温纶;秋莲
;温茂;书桃
;温书;傲松
;温韦;语儿
;温文;映菡
;温瑜;初曼
;文柏;听云
;文昌;初夏
;文成;雅香
;文德;语雪
;文栋;初珍
;文赋;白安
;文光;冰薇
;文翰;诗槐
;文虹;冷玉
;文华;冰巧
;文康;之槐
;文乐;夏寒
;文林;诗筠
;文敏;新梅
;文瑞;白曼
;文山;安波
;文石;从阳
;文星;含桃
;文轩;曼卉
;文宣;笑萍
;文彦;晓露
;文曜;寻菡
;文耀;沛白
;文斌;平灵
;文彬;水彤
;文滨;安彤
;向晨;涵易
;向笛;乐巧
;向文;依风
;向明;紫南
;向荣;亦丝
;向阳;易蓉
;翔宇;紫萍
;翔飞;惜萱
;项禹;诗蕾
;项明;寻绿
;晓博;诗双
;心水;寻云
;心思;孤丹
;心远;谷蓝
;欣德;山灵
;欣嘉;幻丝
;欣可;友梅
;欣然;从云
;欣荣;雁丝
;欣怡;盼旋
;欣怿;幼旋
;欣悦;尔蓝
;新翰;沛山
;新霁;代丝
;新觉;觅松
;新立;冰香
;新荣;依玉
;新知;冰之
;信鸿;妙梦
;信厚;以冬
;信鸥;曼青
;信然;冷菱
;信瑞;雪曼
;兴安;安白
;兴邦;千亦
;兴昌;凌蝶
;兴朝;又夏
;兴德;南烟
;兴发;靖易
;兴国;沛凝
;兴怀;翠梅
;兴平;书文
;兴庆;雪卉
;兴生;乐儿
;兴思;傲丝
;兴腾;安青
;兴旺;初蝶
;兴为;寄灵
;兴文;惜寒
;兴贤;雨竹
;兴修;冬莲
;兴学;绮南
;兴言;翠柏
;兴业;平凡
;兴运;亦玉
;星波;孤兰
;星辰;秋珊
;星驰;新筠
;星光;半芹
;星海;夏瑶
;星汉;念文
;星河;晓丝
;星华;涵蕾
;星晖;雁凡
;星火;谷兰
;星剑;灵凡
;星津;凝云
;星阑;曼云
;星纬;丹彤
;星文;南霜
;星宇;夜梦
;星雨;从筠
;星渊;雁芙
;星洲;语蝶
;修诚;依波
;修德;晓旋
;修杰;念之
;修洁;盼芙
;修谨;曼安
;修筠;采珊
;修明;初柳
;修能;迎天
;修平;曼安
;修齐;南珍
;修然;妙芙
;修为;语柳
;修伟;含莲
;修文;晓筠
;修雅;夏山
;修永;尔容
;修远;念梦
;修真;傲南
;修竹;问薇
;修贤;雨灵
;旭尧;凝安
;炫明;冰海
;学博;初珍
;学海;宛菡
;学林;冬卉
;学民;盼晴
;学名;冷荷
;学文;寄翠
;学义;幻梅
;学真;如凡
;雪松;语梦
;雪峰;易梦
;雪风;千柔
;雅昶;向露
;雅畅;梦玉
;雅达;傲霜
;雅惠;依霜
;雅健;灵松
;雅_;诗桃
;雅逸;书蝶
;雅懿;冰蝶
;雅志;山槐
;炎彬;以晴
;阳飙;友易
;阳_;梦桃
;阳冰;香菱
;阳波;孤云
;阳伯;水蓉
;阳成;雅容
;阳德;飞烟
;阳华;雁荷
;阳晖;代芙
;阳辉;醉易
;阳嘉;夏烟
;阳平;依秋
;阳秋;依波
;阳荣;紫萱
;阳舒;涵易
;阳朔;忆之
;阳文;幻巧
;阳曦;水风
;阳夏;安寒
;阳旭;白亦
;阳煦;怜雪
;阳炎;听南
;阳焱;念蕾
;阳曜;梦竹
;阳羽;千凡
;阳云;寄琴
;阳泽;采波
;阳州;元冬
;烨赫;思菱
;烨华;平卉
;烨磊;笑柳
;烨霖;雪卉
;烨然;谷梦
;烨烁;绿蝶
;烨伟;飞荷
;烨烨;平安
;烨熠;孤晴
;烨煜;芷荷
;毅然;曼冬
;逸仙;尔槐
;逸明;以旋
;逸春;绿蕊
;宜春;初夏
;宜民;依丝
;宜年;怜南
;宜然;千山
;宜人;雨安
;宜修;水风
;意远;寄柔
;意蕴;幼枫
;意致;凡桃
;意智;新儿
;熠彤;夏波
;懿轩;雨琴
;英飙;静槐
;英博;元槐
;英才;映阳
;英达;飞薇
;英发;小凝
;英范;映寒
;英光;傲菡
;英豪;谷蕊
;英华;笑槐
;英杰;飞兰
;英朗;笑卉
;英锐;迎荷
;英睿;元冬
;英_;书竹
;英韶;半烟
;英卫;绮波
;英武;小之
;英悟;觅露
;英勋;夜雪
;英彦;寒梦
;英耀;尔风
;英奕;白梅
;英逸;雨旋
;英毅;芷珊
;英哲;山彤
;英_;尔柳
;英卓;沛柔
;英资;灵萱
;英纵;沛凝
;永怡;白容
;永春;乐蓉
;永安;映安
;永昌;依云
;永长;映冬
;永丰;凡雁
;永福;梦秋
;永嘉;醉柳
;永康;梦凡
;永年;若云
;永宁;元容
;永寿;怀蕾
;永思;灵寒
;永望;天薇
;永新;白风
;永言;访波
;永逸;亦凝
;永元;易绿
;永贞;夜南
;咏德;曼凡
;咏歌;亦巧
;咏思;青易
;咏志;冰真
;勇男;白萱
;勇军;友安
;勇捷;诗翠
;勇锐;雪珍
;勇毅;海之
;宇达;小蕊
;宇航;又琴
;宇寰;香彤
;宇文;语梦
;宇荫;惜蕊
;雨伯;迎彤
;雨华;沛白
;雨石;雁山
;雨信;易蓉
;雨星;雪晴
;雨泽;诗珊
;玉宸;冰绿
;玉成;半梅
;玉龙;笑容
;玉泉;沛凝
;玉山;念瑶
;玉石;如冬
;玉书;向真
;玉树;从蓉
;玉堂;亦云
;玉轩;向雁
;玉宇;尔蝶
;玉韵;冬易
;玉泽;丹亦
;煜祺;夏山
;元白;醉香
;元德;盼夏
;元化;孤菱
;元基;安莲
;元嘉;问凝
;元甲;冬萱
;元驹;晓山
;元凯;雁蓉
;元恺;梦蕊
;元魁;山菡
;元良;南莲
;元亮;飞双
;元龙;凝丝
;元明;思萱
;元青;怀梦
;元思;雨梅
;元纬;冷霜
;元武;向松
;元勋;迎丝
;元正;迎梅
;元忠;听双
;元洲;山蝶
;远航;夜梅
;苑博;醉冬
;苑杰;雨筠
;越彬;平文
;蕴涵;青文
;蕴和;半蕾
;蕴藉;幼菱
;展鹏;寻梅
;哲瀚;含之
;哲茂;香之
;哲圣;含蕊
;哲彦;亦玉
;振海;靖荷
;振国;碧萱
;正诚;寒云
;正初;向南
;正德;书雁
;正浩;怀薇
;正豪;思菱
;正平;忆文
;正奇;若山
;正青;向秋
;正卿;凡白
;正文;绮烟
;正祥;从蕾
;正信;天曼
;正雅;又亦
;正阳;依琴
;正业;曼彤
;正谊;沛槐
;正真;又槐
;正志;元绿
;志诚;安珊
;志新;夏之
;志勇;易槐
;志明;宛亦
;志国;白翠
;志强;丹云
;志尚;问寒
;志专;易文
;志文;傲易
;志行;青旋
;志学;思真
;志业;妙之
;志义;半双
;志用;若翠
;志泽;初兰
;致远;怀曼
;智明;惜萍
;智鑫;初之
;智勇;宛丝
;智敏;幻儿
;智志;千风
;智渊;天蓉
;子安;雅青
;子晋;寄文
;子民;代天
;子明;惜珊
;子默;向薇
;子墨;冬灵
;子平;惜芹
;子琪;凌青
;子石;谷芹
;子实;雁桃
;子真;映雁
;子濯;书兰
;子昂;寄风
;子轩;访烟
;子瑜;绮晴
;自明;傲柔
;自强;寄容
;作人;以珊
;自怡;紫雪
;自珍;芷容
;曾琪;书琴
;泽宇;寻桃
;泽语;涵阳
;;怀寒
;;易云
;;采蓝
;;代秋
;;惜梦
;;尔烟
;;谷槐
;;怀莲
;;涵菱
;;水蓝
;;访冬
;;半兰
;;又柔
;;冬卉
;;安双
;;冰岚
;;香薇
;;语芹
;;静珊
;;幻露
;;访天
;;静柏
;;凌丝
;;小翠
;;雁卉
;;访文
;;凌文
;;芷云
;;思柔
;;巧凡
;;慕山
;;依云
;;千柳
;;从凝
;;安梦
;;香旋
;;映天
;;安柏
;;平萱
;;以筠
;;忆曼
;;新竹
;;绮露
;;觅儿
;;碧蓉
;;白竹
;;飞兰
;;曼雁
;;雁露
;;凝冬
;;含灵
;;初阳
;;海秋
;;冰双
;;绿兰
;;盼易
;;思松
;;梦山
;;友灵
;;绿竹
;;灵安
;;凌柏
;;秋柔
;;又蓝
;;尔竹
;;天蓝
;;青枫
;;问芙
;;语海
;;灵珊
;;凝丹
;;小蕾
;;迎夏
;;水之
;;飞珍
;;冰夏
;;亦竹
;;飞莲
;;海白
;;元蝶
;;芷天
;;怀绿
;;尔容
;;元芹
;;若云
;;寒烟
;;听筠
;;采梦
;;凝莲
;;元彤
;;觅山
;;代桃
;;冷之
;;盼秋
;;秋寒
;;慕蕊
;;海亦
;;初晴
;;巧蕊
;;听安
;;芷雪
;;以松
;;梦槐
;;寒梅
;;香岚
;;寄柔
;;映冬
;;孤容
;;晓蕾
;;安萱
;;听枫
;;夜绿
;;雪莲
;;从丹
;;碧蓉
;;绮琴
;;雨文
;;幼荷
;;青柏
;;初蓝
;;忆安
;;盼晴
;;寻冬
;;雪珊
;;梦寒
;;迎南
;;如彤
;;采枫
;;若雁
;;翠阳
;;沛容
;;幻翠
;;山兰
;;芷波
;;雪瑶
;;寄云
;;慕卉
;;冷松
;;涵梅
;;书白
;;乐天
;;雁卉
;;宛秋
;;傲旋
;;新之
;;凡儿
;;夏真
;;静枫
;;乐双
;;白玉
;;问玉
;;寄松
;;丹蝶
;;元瑶
;;冰蝶
;;访曼
;;代灵
;;芷烟
;;白易
;;尔阳
;;怜烟
;;平卉
;;丹寒
;;访梦
;;绿凝
;;冰菱
;;语蕊
;;思烟
;;忆枫
;;映菱
;;凌兰
;;曼岚
;;若枫
;;傲薇
;;凡灵
;;乐蕊
;;秋灵
;;谷槐
;;觅云
